id,first_name,last_name,email,gender,ip_address
1,Keith,Cunningham,kcunningham0@va.gov,Male,215.3.193.180
2,Ruby,Wells,rwells1@cornell.edu,Female,156.146.102.205
3,Clarence,Snyder,csnyder2@pen.io,Male,41.135.229.252
4,Shawn,Parker,sparker3@fema.gov,Male,114.206.179.115
5,Kelly,Simmons,ksimmons4@gmpg.org,Female,74.62.154.114
6,Melissa,Ross,mross5@digg.com,Female,50.226.253.243
7,Peter,Wheeler,pwheeler6@miibeian.gov.cn,Male,91.138.164.59
8,Anna,Tucker,atucker7@aboutads.info,Female,146.125.197.171
9,Gary,Butler,gbutler8@istockphoto.com,Male,109.6.142.62
10,Betty,Garrett,bgarrett9@huffingtonpost.com,Female,82.184.42.12
11,Steven,Larson,slarsona@comcast.net,Male,222.181.255.179
12,Ruby,Hayes,rhayesb@irs.gov,Female,205.61.146.195
13,Jessica,Kelly,jkellyc@quantcast.com,Female,102.63.90.69
14,Russell,Hicks,rhicksd@wunderground.com,Male,102.174.214.78
15,Nicholas,Andrews,nandrewse@newyorker.com,Male,11.240.50.125
16,Roger,Foster,rfosterf@whitehouse.gov,Male,40.76.107.202
17,Joe,Ward,jwardg@amazon.co.jp,Male,175.178.130.73
18,Melissa,Henry,mhenryh@baidu.com,Female,174.86.116.36
19,Jimmy,Dunn,jdunni@jigsy.com,Male,141.149.81.61
20,Kathryn,Bennett,kbennettj@shareasale.com,Female,58.201.185.45
21,Douglas,Allen,dallenk@ebay.com,Male,122.45.216.186
22,Julia,Reynolds,jreynoldsl@princeton.edu,Female,46.209.186.176
23,Karen,Wilson,kwilsonm@yellowbook.com,Female,180.183.170.183
24,Ruby,Schmidt,rschmidtn@timesonline.co.uk,Female,192.75.33.220
25,Ryan,Evans,revanso@google.com.au,Male,48.186.46.158
26,Kevin,Ray,krayp@marketwatch.com,Male,152.233.109.22
27,Victor,Larson,vlarsonq@marketwatch.com,Male,237.43.25.71
28,Mildred,Rogers,mrogersr@yahoo.co.jp,Female,107.130.213.55
29,Nicole,Knight,nknights@yandex.ru,Female,100.234.44.126
30,Sarah,Moore,smooret@latimes.com,Female,201.245.196.226
31,Bobby,Hayes,bhayesu@sun.com,Male,43.126.204.57
32,Irene,Kelly,ikellyv@hexun.com,Female,170.169.254.34
33,Martin,Lawson,mlawsonw@reuters.com,Male,53.245.128.33
34,Jose,George,jgeorgex@economist.com,Male,14.23.198.33
35,Russell,Hicks,rhicksy@merriam-webster.com,Male,103.228.167.40
36,Rebecca,Gardner,rgardnerz@howstuffworks.com,Female,88.212.159.215
37,Carlos,Barnes,cbarnes10@simplemachines.org,Male,133.39.61.136
38,Robin,Owens,rowens11@ezinearticles.com,Female,62.19.171.13
39,Denise,Lawson,dlawson12@4shared.com,Female,166.95.51.236
40,Diana,Wood,dwood13@google.ru,Female,80.32.114.186
41,Kenneth,Wilson,kwilson14@123-reg.co.uk,Male,0.135.230.255
42,Anne,Robertson,arobertson15@posterous.com,Female,202.219.21.235
43,Alice,Kim,akim16@harvard.edu,Female,59.159.14.12
44,Denise,Sanders,dsanders17@storify.com,Female,127.100.53.121
45,Antonio,Lopez,alopez18@netlog.com,Male,39.152.142.81
46,Lois,Freeman,lfreeman19@prnewswire.com,Female,199.161.182.176
47,Patricia,Richards,prichards1a@yelp.com,Female,147.209.19.43
48,Jimmy,Castillo,jcastillo1b@tiny.cc,Male,130.116.38.47
49,Gregory,Harrison,gharrison1c@yale.edu,Male,0.228.103.22
50,Todd,Ellis,tellis1d@ucoz.ru,Male,139.38.119.50
51,Denise,Wheeler,dwheeler1e@hud.gov,Female,55.224.241.152
52,Cynthia,Dixon,cdixon1f@google.com,Female,200.252.36.1
53,Steve,Ruiz,sruiz1g@angelfire.com,Male,184.36.157.181
54,Donna,Coleman,dcoleman1h@moonfruit.com,Female,215.19.6.202
55,Pamela,Lee,plee1i@senate.gov,Female,247.202.216.76
56,Ruby,Ramos,rramos1j@plala.or.jp,Female,35.117.77.190
57,Bruce,Walker,bwalker1k@aol.com,Male,137.165.31.232
58,Aaron,Lawson,alawson1l@rakuten.co.jp,Male,216.210.31.47
59,Nicole,Cruz,ncruz1m@craigslist.org,Female,99.101.62.239
60,Evelyn,Reynolds,ereynolds1n@buzzfeed.com,Female,187.113.19.231
61,Judy,Thomas,jthomas1o@hp.com,Female,14.3.147.68
62,Nicholas,Reid,nreid1p@usnews.com,Male,63.109.86.57
63,Eugene,Fowler,efowler1q@topsy.com,Male,25.14.34.15
64,Kathy,Foster,kfoster1r@diigo.com,Female,196.36.210.38
65,Joyce,Foster,jfoster1s@berkeley.edu,Female,7.82.90.56
66,Brenda,Cunningham,bcunningham1t@google.cn,Female,65.180.60.37
67,Julie,Ross,jross1u@51.la,Female,112.254.78.236
68,Scott,Nichols,snichols1v@ed.gov,Male,202.95.138.143
69,Carlos,Martin,cmartin1w@over-blog.com,Male,77.214.70.158
70,Nicholas,James,njames1x@drupal.org,Male,96.33.169.217
71,Anna,Carter,acarter1y@merriam-webster.com,Female,251.95.254.229
72,Kathryn,George,kgeorge1z@ebay.co.uk,Female,215.73.86.39
73,Craig,Chavez,cchavez20@zdnet.com,Male,204.151.223.135
74,Kimberly,Washington,kwashington21@guardian.co.uk,Female,172.151.142.91
75,Robin,Scott,rscott22@google.co.uk,Female,63.234.27.184
76,Betty,Graham,bgraham23@google.com.au,Female,50.122.107.223
77,Edward,Griffin,egriffin24@latimes.com,Male,183.220.254.166
78,Evelyn,Fox,efox25@buzzfeed.com,Female,122.211.216.214
79,Heather,Matthews,hmatthews26@europa.eu,Female,126.165.62.196
80,Jean,Morris,jmorris27@biglobe.ne.jp,Female,13.98.212.42
81,Annie,Armstrong,aarmstrong28@seattletimes.com,Female,154.75.239.213
82,Billy,Reyes,breyes29@cisco.com,Male,180.74.52.252
83,Bobby,Davis,bdavis2a@phoca.cz,Male,162.126.101.122
84,Mildred,Chapman,mchapman2b@wufoo.com,Female,71.122.138.84
85,Susan,Chavez,schavez2c@tripod.com,Female,179.26.130.13
86,Kelly,Marshall,kmarshall2d@dyndns.org,Female,183.229.44.57
87,Aaron,Lawson,alawson2e@redcross.org,Male,2.250.100.18
88,Rose,Lawson,rlawson2f@state.gov,Female,66.43.237.160
89,Julie,Evans,jevans2g@cnn.com,Female,51.20.120.117
90,Jennifer,Knight,jknight2h@xing.com,Female,23.29.199.173
91,Sean,Edwards,sedwards2i@who.int,Male,199.143.170.156
92,Phyllis,Warren,pwarren2j@indiegogo.com,Female,197.51.52.142
93,Lisa,Wood,lwood2k@rambler.ru,Female,156.247.124.222
94,Evelyn,Martinez,emartinez2l@parallels.com,Female,250.144.154.177
95,Judith,Wilson,jwilson2m@newyorker.com,Female,130.250.115.54
96,Beverly,Fowler,bfowler2n@cbsnews.com,Female,88.135.161.167
97,Anthony,Chavez,achavez2o@barnesandnoble.com,Male,3.154.119.185
98,Dorothy,Rose,drose2p@about.com,Female,70.183.236.1
99,Earl,Hamilton,ehamilton2q@examiner.com,Male,3.114.34.92
100,Evelyn,King,eking2r@google.it,Female,62.111.80.114
